campione_id,time_step_id,datetime_nominale,datetime_inizio_ert,datetime_fine_ert,datetime_baricentro_ert,durata_misura_ert_min,ore_trascorse_da_t0,temperatura_C,peso_netto_g,theta_vol_pct,contenuto_acqua_grav_pct,grado_saturazione_Sr,suzione_top_estesa_kpa,suzione_bottom_estesa_kpa,suzione_media_kpa,log10_suzione_kpa,regime_suzione,rho25_qp1,eps_qp1,rho25_qp2,eps_qp2,rho25_qp3,eps_qp3,rho25_qp4,eps_qp4,rho25_qp5,eps_qp5,rho25_qp6,eps_qp6,rho25_qp7,eps_qp7,rho25_qp8,eps_qp8,rho25_W1,rho25_W2,rho25_W3,rho25_W4,rho25_geom_upper,rho25_geom_lower,rho25_geom_dipole,rho25_geom_wenner,qualita_qc_pass
ML8,1,2025-07-02 18:00:00,2025-07-02 18:17:05,2025-07-02 18:29:53,2025-07-02 18:23:29.000,12.8,0.11,26.02,456.48,39.5,27.6,0.859,0.05,-0.18,0.0,,Diretto_Entrambi_Tensiometri,46.862,0.18,46.871,0.65,50.1,0.16,46.115,0.79,52.503,0.28,51.171,0.16,45.059,0.58,49.786,0.11,49.67,45.085,53.453,69.51,47.92,49.852,47.364,53.708,True
ML8,2,2025-07-02 19:00:00,2025-07-02 19:17:05,2025-07-02 19:29:54,2025-07-02 19:23:29.500,12.82,1.11,27.09,455.81,39.23,27.41,0.853,0.5,0.25,0.35,-0.45,Diretto_Entrambi_Tensiometri,48.453,0.49,47.315,0.0,50.042,0.12,46.257,1.13,52.422,0.27,51.185,0.41,44.547,0.53,49.248,0.05,49.541,44.701,53.415,69.371,48.591,49.882,46.839,53.522,True
ML8,3,2025-07-02 20:00:00,2025-07-02 20:17:05,2025-07-02 20:29:58,2025-07-02 20:23:31.500,12.88,2.11,27.45,455.27,39.01,27.26,0.848,0.62,0.37,0.48,-0.317,Diretto_Entrambi_Tensiometri,47.938,0.2,47.51,1.03,49.521,0.07,46.128,0.94,52.453,0.06,51.431,0.06,45.191,1.1,48.675,0.13,49.077,44.511,53.493,69.285,48.315,49.925,46.901,53.342,True
ML8,4,2025-07-02 21:00:00,2025-07-02 21:17:05,2025-07-02 21:29:53,2025-07-02 21:23:29.000,12.8,3.11,27.41,454.71,38.79,27.11,0.843,0.81,0.54,0.67,-0.177,Diretto_Entrambi_Tensiometri,47.924,0.11,47.79,0.01,49.755,0.25,46.446,1.95,52.567,0.04,51.386,0.6,45.359,0.56,48.46,0.27,48.95,44.533,53.24,69.057,48.481,50.061,46.884,53.207,True
ML8,5,2025-07-02 22:00:00,2025-07-02 22:17:07,2025-07-02 22:29:55,2025-07-02 22:23:31.000,12.8,4.11,27.42,454.08,38.54,26.93,0.838,0.96,0.7,0.82,-0.085,Diretto_Entrambi_Tensiometri,48.48,0.28,47.932,0.78,50.143,0.24,46.19,0.19,52.719,0.09,51.443,0.73,44.811,0.84,48.488,0.04,49.139,44.551,53.036,68.767,48.843,50.036,46.613,53.157,True
ML8,6,2025-07-02 23:00:00,2025-07-02 23:17:05,2025-07-02 23:29:54,2025-07-02 23:23:29.500,12.82,5.11,27.44,453.46,38.29,26.76,0.832,1.11,0.85,0.97,-0.013,Diretto_Entrambi_Tensiometri,49.04,0.33,48.538,0.74,50.528,0.79,46.569,0.24,53.139,0.05,52.009,0.14,44.906,0.92,48.24,0.59,48.944,44.502,53.094,68.587,49.361,50.489,46.543,53.069,True
ML8,7,2025-07-03 00:00:00,2025-07-03 00:17:06,2025-07-03 00:29:54,2025-07-03 00:23:30.000,12.8,6.11,27.39,452.86,38.05,26.59,0.827,0.9,0.74,0.82,-0.089,Diretto_Entrambi_Tensiometri,49.401,0.16,49.274,0.23,50.557,0.5,47.76,0.68,54.012,0.07,52.529,0.76,44.916,0.95,48.307,0.53,48.919,44.325,52.886,68.367,49.741,51.363,46.581,52.915,True
ML8,8,2025-07-03 01:00:00,2025-07-03 01:17:05,2025-07-03 01:29:40,2025-07-03 01:23:22.500,12.58,7.1,27.35,452.26,37.81,26.42,0.822,1.31,1.02,1.16,0.064,Diretto_Entrambi_Tensiometri,50.022,0.28,50.007,0.05,51.156,0.18,48.519,0.09,54.182,1.51,52.74,0.14,44.952,0.56,48.092,0.15,49.181,44.29,52.838,68.166,50.392,51.757,46.496,52.924,True
ML8,9,2025-07-03 02:00:00,2025-07-03 02:17:05,2025-07-03 02:29:34,2025-07-03 02:23:19.500,12.48,8.1,27.27,451.7,37.58,26.26,0.817,1.53,1.23,1.37,0.136,Diretto_Entrambi_Tensiometri,50.666,0.02,49.81,0.43,51.908,1.12,48.322,3.01,54.512,1.22,53.81,2.45,45.18,0.64,47.395,1.47,47.898,44.574,52.637,68.213,50.787,52.139,46.274,52.619,True
ML8,10,2025-07-03 03:00:00,2025-07-03 03:17:05,2025-07-03 03:29:37,2025-07-03 03:23:21.000,12.53,9.1,27.17,451.09,37.34,26.1,0.812,1.73,1.42,1.57,0.195,Diretto_Entrambi_Tensiometri,51.306,0.18,50.786,0.15,52.308,0.7,49.356,0.15,55.953,3.13,53.49,0.18,46.278,0.08,47.037,0.76,47.246,44.461,52.529,68.182,51.463,52.862,46.656,52.372,True
ML8,11,2025-07-03 04:00:00,2025-07-03 04:17:05,2025-07-03 04:29:46,2025-07-03 04:23:25.500,12.68,10.11,27.08,450.48,37.1,25.92,0.806,1.9,1.6,1.74,0.241,Diretto_Entrambi_Tensiometri,51.954,0.18,51.2,1.02,52.491,1.31,50.18,0.29,54.666,2.16,54.658,3.16,45.634,0.68,47.061,1.03,47.313,44.196,51.064,67.739,51.879,53.125,46.342,51.86,True
ML8,12,2025-07-03 05:00:00,2025-07-03 05:17:05,2025-07-03 05:29:34,2025-07-03 05:23:19.500,12.48,11.1,27.01,449.9,36.86,25.76,0.801,1.89,1.6,1.74,0.241,Diretto_Entrambi_Tensiometri,52.49,0.21,53.371,1.01,52.511,0.15,50.075,3.08,56.89,1.7,53.018,2.43,45.558,1.14,49.954,2.72,47.954,43.297,50.261,69.512,52.789,53.255,47.705,51.897,True
ML8,13,2025-07-03 06:00:00,2025-07-03 06:17:06,2025-07-03 06:29:21,2025-07-03 06:23:13.500,12.25,12.1,26.89,449.26,36.61,25.58,0.796,2.14,1.81,1.97,0.295,Diretto_Entrambi_Tensiometri,53.202,0.28,51.891,1.84,52.261,1.99,50.006,1.98,56.262,2.26,55.052,2.38,46.058,0.69,48.792,3.37,47.05,43.513,51.278,70.071,52.448,53.704,47.405,52.079,True
ML8,14,2025-07-03 07:00:00,2025-07-03 07:17:05,2025-07-03 07:29:34,2025-07-03 07:23:19.500,12.48,13.1,26.78,448.57,36.33,25.39,0.79,2.36,2.01,2.18,0.338,Diretto_Entrambi_Tensiometri,53.838,0.3,51.854,4.8,54.103,2.65,51.751,3.29,56.182,4.11,53.171,4.04,46.445,0.55,46.895,1.26,47.306,45.221,50.329,70.545,53.255,53.67,46.669,52.497,True
ML8,15,2025-07-03 08:00:00,2025-07-03 08:17:05,2025-07-03 08:29:22,2025-07-03 08:23:13.500,12.28,14.1,26.82,447.88,36.06,25.2,0.784,2.57,2.23,2.4,0.379,Diretto_Entrambi_Tensiometri,54.537,0.32,55.188,4.11,51.762,3.64,51.164,0.2,57.485,0.02,53.876,2.98,47.95,0.04,46.949,1.03,47.862,45.854,50.208,70.492,53.808,54.113,47.447,52.792,True
ML8,16,2025-07-03 09:00:00,2025-07-03 09:17:05,2025-07-03 09:29:27,2025-07-03 09:23:16.000,12.37,15.1,27.17,447.15,35.76,24.99,0.777,2.83,2.42,2.62,0.418,Diretto_Entrambi_Tensiometri,55.221,0.0,54.333,1.94,52.794,2.23,52.941,4.28,57.343,2.09,54.757,1.48,48.354,0.05,48.029,1.56,49.501,46.226,50.205,69.592,54.107,54.984,48.191,53.174,True
ML8,17,2025-07-03 10:00:00,2025-07-03 10:17:05,2025-07-03 10:29:46,2025-07-03 10:23:25.500,12.68,16.11,28.95,446.12,35.35,24.71,0.769,3.07,2.44,2.74,0.438,Diretto_Entrambi_Tensiometri,55.273,0.18,54.813,2.02,53.903,2.47,52.358,4.23,56.826,2.06,54.568,3.18,47.858,0.75,47.31,1.18,49.176,46.025,50.323,68.582,54.66,54.554,47.583,52.867,True
ML8,18,2025-07-03 11:00:00,2025-07-03 11:17:05,2025-07-03 11:29:48,2025-07-03 11:23:26.500,12.72,17.11,29.97,445.11,34.95,24.42,0.76,3.51,2.74,3.1,0.492,Diretto_Entrambi_Tensiometri,55.945,0.38,55.077,2.34,53.651,1.94,53.332,2.91,57.265,2.12,54.418,3.99,48.982,0.57,48.843,0.69,49.875,47.396,52.512,69.418,54.883,54.98,48.912,54.18,True
ML8,19,2025-07-03 12:00:00,2025-07-03 12:17:05,2025-07-03 12:29:20,2025-07-03 12:23:12.500,12.25,18.1,28.85,444.39,34.66,24.22,0.753,3.99,3.11,3.52,0.547,Diretto_Entrambi_Tensiometri,56.918,0.27,55.661,0.86,55.174,2.46,52.638,1.18,58.451,2.02,56.225,2.11,49.89,0.26,50.524,3.82,50.811,48.663,53.186,70.588,55.913,55.719,50.206,55.198,True
ML8,20,2025-07-03 13:00:00,2025-07-03 13:17:06,2025-07-03 13:29:21,2025-07-03 13:23:13.500,12.25,19.1,28.11,443.61,34.35,24.0,0.747,4.47,3.42,3.91,0.592,Diretto_Entrambi_Tensiometri,57.757,0.28,56.8,0.84,55.052,1.21,55.612,0.6,59.605,0.85,58.202,5.01,50.562,0.98,51.428,0.59,51.263,49.417,53.354,71.191,56.525,57.783,50.993,55.695,True
ML8,21,2025-07-03 14:00:00,2025-07-03 14:17:05,2025-07-03 14:29:10,2025-07-03 14:23:07.500,12.08,20.1,27.66,442.87,34.05,23.8,0.74,4.99,3.68,4.29,0.632,Diretto_Entrambi_Tensiometri,58.577,0.28,57.168,1.21,55.507,0.2,56.208,0.76,60.645,0.35,57.689,1.0,51.502,0.09,53.735,0.82,52.19,50.858,53.671,72.212,57.07,58.152,52.607,56.634,True
ML8,22,2025-07-03 15:00:00,2025-07-03 15:17:05,2025-07-03 15:29:09,2025-07-03 15:23:07.000,12.07,21.1,27.36,442.11,33.75,23.58,0.734,5.7,3.88,4.7,0.672,Diretto_Entrambi_Tensiometri,59.462,0.27,57.267,1.32,55.748,1.98,56.073,0.88,61.506,0.02,57.853,2.08,52.173,0.32,55.219,0.07,53.037,51.33,53.881,73.852,57.472,58.434,53.674,57.37,True
ML8,23,2025-07-03 16:00:00,2025-07-03 16:17:05,2025-07-03 16:29:10,2025-07-03 16:23:07.500,12.08,22.1,27.05,441.32,33.43,23.36,0.727,6.47,4.16,5.19,0.715,Diretto_Entrambi_Tensiometri,60.284,0.1,58.774,0.47,57.78,2.31,55.891,1.95,62.198,0.13,58.947,0.81,53.369,0.12,56.028,0.54,53.616,52.656,53.907,74.355,58.937,58.956,54.682,58.0,True
ML8,24,2025-07-03 17:00:00,2025-07-03 17:17:05,2025-07-03 17:29:09,2025-07-03 17:23:07.000,12.07,23.1,26.91,440.55,33.12,23.15,0.72,7.34,4.46,5.72,0.758,Diretto_Entrambi_Tensiometri,61.012,0.2,58.894,2.9,57.301,0.16,57.488,0.37,62.901,0.12,59.589,0.4,54.411,0.31,56.397,0.25,54.006,53.596,53.903,75.535,59.049,59.952,55.395,58.591,True
ML8,25,2025-07-03 18:00:00,2025-07-03 18:17:05,2025-07-03 18:29:07,2025-07-03 18:23:06.000,12.03,24.1,26.82,439.74,32.8,22.92,0.713,8.4,4.81,6.36,0.803,Diretto_Entrambi_Tensiometri,61.755,0.35,59.92,0.09,57.913,0.48,57.914,0.37,63.503,0.07,60.266,0.4,55.441,0.11,57.751,0.48,54.387,54.529,54.164,76.274,59.842,60.518,56.584,59.163,True
ML8,26,2025-07-03 19:00:00,2025-07-03 19:17:05,2025-07-03 19:29:07,2025-07-03 19:23:06.000,12.03,25.1,26.84,438.92,32.47,22.69,0.706,9.58,5.11,7.0,0.845,Diretto_Entrambi_Tensiometri,62.553,0.3,60.928,0.9,58.515,0.26,58.504,0.39,64.093,0.15,60.692,0.23,56.706,0.09,58.57,0.26,54.77,55.423,54.388,76.999,60.643,61.053,57.63,59.711,True
ML8,27,2025-07-03 20:00:00,2025-07-03 20:17:06,2025-07-03 20:29:16,2025-07-03 20:23:11.000,12.17,26.1,26.75,438.1,32.14,22.46,0.699,10.9,5.42,7.69,0.886,Diretto_Entrambi_Tensiometri,63.445,0.27,61.62,0.77,59.163,0.42,59.118,0.46,64.685,0.31,61.223,0.2,57.745,0.32,59.286,0.6,55.239,56.341,54.905,78.506,61.384,61.633,58.51,60.52,True
ML8,28,2025-07-03 21:00:00,2025-07-03 21:17:05,2025-07-03 21:29:16,2025-07-03 21:23:10.500,12.18,27.1,26.61,437.34,31.84,22.25,0.692,12.4,5.67,8.39,0.924,Diretto_Entrambi_Tensiometri,64.012,0.2,61.875,0.02,59.649,0.15,59.534,0.46,65.161,0.19,61.895,0.34,58.404,0.11,59.343,0.08,55.494,56.682,55.388,80.14,61.82,62.154,58.872,61.128,True
ML8,29,2025-07-03 22:00:00,2025-07-03 22:17:06,2025-07-03 22:29:17,2025-07-03 22:23:11.500,12.18,28.1,26.46,436.66,31.57,22.06,0.686,13.8,6.23,9.27,0.967,Diretto_Entrambi_Tensiometri,64.638,0.18,62.215,0.38,59.974,0.08,59.635,0.25,65.569,0.07,62.126,0.4,59.475,0.27,60.085,0.59,55.789,57.237,55.729,81.473,62.247,62.396,59.779,61.706,True
ML8,30,2025-07-03 23:00:00,2025-07-03 23:17:05,2025-07-03 23:29:16,2025-07-03 23:23:10.500,12.18,29.1,26.38,436.05,31.32,21.89,0.681,15.36,6.63,10.09,1.004,Diretto_Entrambi_Tensiometri,65.113,0.09,62.877,0.6,59.876,0.1,60.044,0.54,65.784,0.05,62.527,0.31,60.049,0.18,60.379,1.36,56.049,57.726,56.134,82.562,62.585,62.741,60.214,62.228,True
ML8,31,2025-07-04 00:00:00,2025-07-04 00:17:05,2025-07-04 00:29:17,2025-07-04 00:23:11.000,12.2,30.1,26.28,435.41,31.07,21.71,0.675,17.09,7.08,11.0,1.042,Diretto_Entrambi_Tensiometri,65.652,0.1,63.218,0.5,60.447,0.7,60.303,0.28,66.232,0.01,62.932,0.22,60.558,0.29,60.463,0.44,56.242,58.098,56.236,84.42,63.07,63.109,60.51,62.758,True
ML8,32,2025-07-04 01:00:00,2025-07-04 01:17:05,2025-07-04 01:29:17,2025-07-04 01:23:11.000,12.2,31.1,26.18,434.8,30.82,21.54,0.67,19.05,7.52,11.97,1.078,Diretto_Entrambi_Tensiometri,66.124,0.06,63.421,0.61,60.9,0.12,60.275,0.27,66.344,0.05,63.161,0.05,61.328,0.19,60.855,0.43,56.457,58.477,56.317,85.76,63.446,63.211,61.091,63.191,True
ML8,33,2025-07-04 02:00:00,2025-07-04 02:17:05,2025-07-04 02:29:18,2025-07-04 02:23:11.500,12.22,32.1,26.08,434.17,30.57,21.36,0.665,21.06,7.99,12.97,1.113,Diretto_Entrambi_Tensiometri,66.597,0.02,63.345,0.46,60.86,0.64,60.608,0.04,66.697,0.06,63.36,0.18,62.04,0.13,61.134,0.74,56.636,58.826,56.564,87.268,63.557,63.506,61.585,63.682,True
ML8,34,2025-07-04 03:00:00,2025-07-04 03:17:05,2025-07-04 03:29:17,2025-07-04 03:23:11.000,12.2,33.1,25.98,433.55,30.32,21.19,0.659,23.61,8.59,14.24,1.153,Diretto_Entrambi_Tensiometri,67.129,0.14,64.058,0.58,61.349,0.32,60.78,0.59,66.841,0.31,63.667,0.72,62.745,0.5,61.414,0.29,56.919,59.274,56.94,87.735,64.135,63.715,62.076,64.073,True
ML8,35,2025-07-04 04:00:00,2025-07-04 04:17:05,2025-07-04 04:29:17,2025-07-04 04:23:11.000,12.2,34.1,25.87,432.92,30.07,21.02,0.654,26.21,9.14,15.48,1.19,Diretto_Entrambi_Tensiometri,67.689,0.07,64.496,0.89,61.614,0.03,61.199,0.42,66.94,0.22,63.935,0.09,63.33,0.2,61.172,0.38,57.132,59.511,57.044,87.554,64.552,63.982,62.242,64.193,True
ML8,36,2025-07-04 05:00:00,2025-07-04 05:17:05,2025-07-04 05:29:17,2025-07-04 05:23:11.000,12.2,35.1,25.83,432.31,29.83,20.85,0.648,29.06,9.69,16.78,1.225,Diretto_Entrambi_Tensiometri,68.147,0.18,64.304,0.67,61.53,0.34,61.909,0.53,66.98,0.05,63.915,0.36,64.355,0.21,61.208,0.58,57.5,59.753,57.361,88.035,64.604,64.234,62.762,64.539,True
ML8,37,2025-07-04 06:00:00,2025-07-04 06:17:05,2025-07-04 06:29:17,2025-07-04 06:23:11.000,12.2,36.1,26.22,431.66,29.57,20.66,0.643,32.12,10.13,18.04,1.256,Diretto_Entrambi_Tensiometri,68.32,0.29,64.472,0.54,61.154,0.68,61.913,0.25,67.11,0.61,63.956,1.32,63.787,0.04,60.643,0.53,56.877,59.463,56.887,87.007,64.582,64.291,62.195,63.964,True
ML8,38,2025-07-04 07:00:00,2025-07-04 07:17:05,2025-07-04 07:29:19,2025-07-04 07:23:12.000,12.23,37.1,28.39,430.59,29.14,20.37,0.634,37.99,10.79,20.25,1.306,Diretto_Entrambi_Tensiometri,69.167,0.21,65.001,1.51,62.217,0.83,62.291,0.55,67.123,0.21,64.616,0.07,67.23,0.17,60.697,0.7,57.841,60.406,57.127,89.013,65.4,64.647,63.88,64.924,True
ML8,39,2025-07-04 08:00:00,2025-07-04 08:17:05,2025-07-04 08:29:17,2025-07-04 08:23:11.000,12.2,38.1,28.2,429.93,28.88,20.18,0.628,44.25,7.06,17.65,1.247,Diretto_Entrambi_Tensiometri,69.497,0.05,65.111,0.16,62.073,1.21,62.387,0.32,67.232,0.28,64.206,0.34,69.197,0.02,59.512,0.68,58.012,60.133,57.192,90.164,65.49,64.578,64.172,65.125,True
ML8,40,2025-07-04 09:00:00,2025-07-04 09:17:06,2025-07-04 09:29:16,2025-07-04 09:23:11.000,12.17,39.1,28.17,429.15,28.56,19.96,0.621,50.94,12.7,25.44,1.405,Diretto_Entrambi_Tensiometri,70.122,0.03,65.48,0.33,62.397,1.09,62.869,0.55,67.706,0.49,64.593,0.26,71.083,0.01,59.583,0.0,58.436,60.357,57.448,91.436,65.924,65.025,65.079,65.607,True
ML8,41,2025-07-04 10:00:00,2025-07-04 10:17:05,2025-07-04 10:29:10,2025-07-04 10:23:07.500,12.08,40.1,29.34,428.07,28.13,19.66,0.612,60.22,13.5,28.51,1.455,Diretto_Entrambi_Tensiometri,70.207,0.2,65.725,1.08,62.246,0.13,63.046,0.78,67.672,0.23,64.535,0.97,73.633,0.1,58.353,0.26,57.691,60.153,56.945,91.933,65.979,65.056,65.549,65.286,True
ML8,42,2025-07-04 11:00:00,2025-07-04 11:17:05,2025-07-04 11:29:07,2025-07-04 11:23:06.000,12.03,41.1,30.18,426.99,27.7,19.36,0.602,72.55,14.78,32.75,1.515,Diretto_Entrambi_Tensiometri,71.333,0.27,66.326,0.0,62.89,0.47,64.277,0.61,68.653,0.08,64.816,1.12,78.863,0.22,58.327,0.21,58.169,61.132,57.909,93.751,66.76,65.887,67.822,66.286,True
ML8,43,2025-07-04 12:00:00,2025-07-04 12:17:05,2025-07-04 12:29:18,2025-07-04 12:23:11.500,12.22,42.1,28.71,426.26,27.41,19.15,0.596,85.4,16.51,37.55,1.575,Diretto_Entrambi_Tensiometri,72.368,0.15,66.972,0.02,63.776,0.51,65.499,0.59,69.756,0.43,65.126,1.26,82.079,0.29,58.93,0.72,59.025,61.979,57.647,94.938,67.613,66.761,69.548,66.892,True
ML8,44,2025-07-04 13:00:00,2025-07-04 13:17:05,2025-07-04 13:29:17,2025-07-04 13:23:11.000,12.2,43.1,27.8,425.5,27.1,18.94,0.589,98.01,18.17,42.2,1.625,Diretto_Entrambi_Tensiometri,72.885,0.14,67.427,0.03,64.273,0.94,65.947,0.18,70.306,0.47,65.426,0.67,83.855,0.2,58.827,1.1,59.514,62.313,57.949,95.742,68.103,67.191,70.235,67.35,True
ML8,45,2025-07-04 14:00:00,2025-07-04 14:17:05,2025-07-04 14:29:09,2025-07-04 14:23:07.000,12.07,44.1,27.27,424.7,26.79,18.72,0.582,112.61,19.89,47.32,1.675,Diretto_Entrambi_Tensiometri,73.417,0.11,67.976,0.5,64.58,0.56,66.818,0.39,70.813,0.1,65.653,1.38,85.672,0.51,58.462,0.04,60.146,62.505,57.761,95.802,68.562,67.726,70.771,67.536,True
ML8,46,2025-07-04 15:00:00,2025-07-04 15:17:05,2025-07-04 15:29:13,2025-07-04 15:23:09.000,12.13,45.1,27.0,423.92,26.47,18.5,0.575,129.83,21.65,53.01,1.724,Diretto_Entrambi_Tensiometri,73.999,0.04,68.725,0.12,64.771,0.33,67.06,0.41,71.351,0.08,66.058,0.26,88.678,0.19,58.36,0.48,60.565,62.91,57.903,96.004,69.062,68.118,71.939,67.84,True
ML8,47,2025-07-04 16:00:00,2025-07-04 16:17:05,2025-07-04 16:29:18,2025-07-04 16:23:11.500,12.22,46.1,26.88,423.14,26.16,18.28,0.569,148.96,23.64,59.34,1.773,Diretto_Entrambi_Tensiometri,74.56,0.06,69.126,0.24,65.253,0.25,67.616,0.11,71.761,0.13,66.473,0.6,92.186,1.08,58.315,1.07,60.523,63.247,57.63,96.495,69.542,68.58,73.32,67.925,True
ML8,48,2025-07-04 17:00:00,2025-07-04 17:17:06,2025-07-04 17:29:14,2025-07-04 17:23:10.000,12.13,47.1,26.91,422.36,25.85,18.06,0.562,172.77,25.6,66.5,1.823,Diretto_Entrambi_Tensiometri,75.109,0.06,69.462,0.26,65.494,0.07,67.578,0.36,71.447,0.34,66.445,0.12,95.334,0.29,57.909,1.08,60.762,63.449,57.411,96.44,69.911,68.457,74.301,67.972,True
ML8,49,2025-07-04 18:00:00,2025-07-04 18:17:05,2025-07-04 18:29:15,2025-07-04 18:23:10.000,12.17,48.1,26.75,421.62,25.55,17.86,0.555,196.49,28.14,74.36,1.871,Diretto_Entrambi_Tensiometri,75.58,0.01,69.94,0.28,65.724,0.03,68.079,0.59,72.001,0.23,66.879,0.48,98.985,0.12,57.324,0.3,60.962,63.749,57.755,97.983,70.299,68.952,75.327,68.481,True
ML8,50,2025-07-04 19:00:00,2025-07-04 19:17:05,2025-07-04 19:29:17,2025-07-04 19:23:11.000,12.2,49.1,26.64,420.86,25.25,17.64,0.549,227.78,30.72,83.65,1.922,Esteso_Top_Diretto_Bottom,76.139,0.07,70.336,0.18,66.454,1.07,68.277,1.01,73.317,0.46,67.472,0.37,104.411,0.36,57.045,0.56,61.329,64.212,57.768,98.75,70.866,69.641,77.176,68.846,True
ML8,51,2025-07-04 20:00:00,2025-07-04 20:17:05,2025-07-04 20:29:13,2025-07-04 20:23:09.000,12.13,50.1,26.62,420.07,24.93,17.42,0.542,264.93,33.67,94.44,1.975,Esteso_Top_Diretto_Bottom,76.767,0.15,70.944,0.67,66.603,0.26,68.497,0.57,73.526,0.27,68.087,0.07,107.405,0.12,56.792,1.03,62.27,64.859,57.716,98.989,71.317,69.994,78.101,69.308,True
ML8,52,2025-07-04 21:00:00,2025-07-04 21:17:05,2025-07-04 21:29:18,2025-07-04 21:23:11.500,12.22,51.1,26.57,419.31,24.63,17.21,0.535,302.13,36.9,105.59,2.024,Esteso_Top_Diretto_Bottom,77.553,0.11,71.241,0.09,67.018,0.83,68.738,0.73,73.783,0.15,68.065,0.43,110.414,0.15,56.433,1.12,63.146,65.258,57.504,99.375,71.808,70.15,78.937,69.661,True
ML8,53,2025-07-04 22:00:00,2025-07-04 22:17:05,2025-07-04 22:29:26,2025-07-04 22:23:15.500,12.35,52.1,26.49,418.57,24.33,17.0,0.529,339.35,40.47,117.19,2.069,Esteso_Top_Diretto_Bottom,78.275,0.32,71.721,0.26,67.134,0.57,69.21,0.58,74.12,0.01,68.564,0.94,112.014,0.74,55.716,0.14,64.259,65.846,57.76,100.024,72.233,70.588,79.0,70.315,True
ML8,54,2025-07-04 23:00:00,2025-07-04 23:17:05,2025-07-04 23:29:36,2025-07-04 23:23:20.500,12.52,53.1,26.38,417.86,24.05,16.81,0.523,376.58,44.39,129.29,2.112,Esteso_Top_Diretto_Bottom,79.013,0.54,72.168,0.43,67.172,0.33,69.579,0.37,74.732,0.24,68.728,0.45,113.96,0.08,55.328,0.52,64.412,66.368,57.765,100.58,72.623,70.964,79.405,70.595,True
ML8,55,2025-07-05 00:00:00,2025-07-05 00:17:05,2025-07-05 00:29:17,2025-07-05 00:23:11.000,12.2,54.1,26.3,417.24,23.8,16.63,0.517,413.66,48.65,141.86,2.152,Esteso_Top_Diretto_Bottom,79.059,0.48,72.256,0.41,67.452,0.84,69.685,1.24,75.289,0.31,68.699,0.72,115.772,0.82,55.048,0.12,64.928,66.718,57.724,101.018,72.768,71.166,79.831,70.894,True
ML8,56,2025-07-05 01:00:00,2025-07-05 01:17:05,2025-07-05 01:29:26,2025-07-05 01:23:15.500,12.35,55.1,26.19,416.63,23.56,16.46,0.512,450.88,53.16,154.82,2.19,Esteso_Top_Diretto_Bottom,79.316,0.54,72.305,0.09,67.816,0.9,69.898,0.61,75.38,0.19,68.693,0.2,118.785,0.11,54.798,0.71,66.081,67.26,57.739,101.506,72.994,71.265,80.679,71.441,True
ML8,57,2025-07-05 02:00:00,2025-07-05 02:17:08,2025-07-05 02:29:18,2025-07-05 02:23:13.000,12.17,56.1,26.12,416.04,23.32,16.3,0.507,488.03,58.09,168.38,2.226,Esteso_Top_Diretto_Bottom,79.493,0.5,72.566,0.37,67.67,1.54,70.189,0.05,76.308,0.0,69.198,0.03,122.672,0.62,54.102,0.96,67.063,67.646,57.783,102.132,73.084,71.831,81.467,71.932,True
ML8,58,2025-07-05 03:00:00,2025-07-05 03:17:08,2025-07-05 03:29:13,2025-07-05 03:23:10.500,12.08,57.1,26.07,415.46,23.09,16.13,0.502,525.18,63.49,182.6,2.261,Esteso_Top_Diretto_Bottom,79.769,0.65,72.847,0.23,67.709,0.37,70.434,0.26,76.413,0.42,69.012,0.35,126.081,0.27,54.019,0.85,68.174,68.243,57.609,102.614,73.276,71.883,82.527,72.417,True
ML8,59,2025-07-05 04:00:00,2025-07-05 04:17:08,2025-07-05 04:29:13,2025-07-05 04:23:10.500,12.08,58.1,25.98,414.88,22.85,15.97,0.497,562.36,69.18,197.24,2.295,Esteso_Top_Diretto_Bottom,80.153,0.76,73.1,0.32,68.156,0.55,70.653,0.56,77.097,0.28,69.479,0.05,129.285,0.53,53.825,0.21,69.171,68.719,57.668,103.16,73.64,72.334,83.419,72.923,True
ML8,60,2025-07-05 05:00:00,2025-07-05 05:17:08,2025-07-05 05:29:07,2025-07-05 05:23:07.500,11.98,59.1,25.94,414.34,22.64,15.82,0.492,599.51,75.34,212.53,2.327,Esteso_Top_Diretto_Bottom,80.456,0.93,73.381,0.53,67.859,0.35,70.834,0.89,77.287,0.53,69.53,0.29,134.595,0.02,53.354,1.49,70.394,69.193,57.751,103.331,73.72,72.473,84.742,73.426,True
ML8,61,2025-07-05 06:00:00,2025-07-05 06:17:08,2025-07-05 06:29:09,2025-07-05 06:23:08.500,12.02,60.1,26.0,413.73,22.4,15.65,0.487,636.69,82.04,228.55,2.359,Esteso_Top_Diretto_Bottom,80.736,0.83,73.548,0.14,68.602,1.28,71.169,0.73,77.726,0.26,69.769,0.1,139.125,0.51,53.049,0.48,72.534,69.827,57.691,102.692,74.13,72.807,85.909,74.012,True
ML8,62,2025-07-05 07:00:00,2025-07-05 07:17:08,2025-07-05 07:29:13,2025-07-05 07:23:10.500,12.08,61.1,26.1,413.14,22.16,15.49,0.482,673.89,89.3,245.31,2.39,Esteso_Top_Diretto_Bottom,81.202,0.77,74.123,0.02,68.689,0.88,71.484,0.55,78.196,0.79,70.063,0.02,141.529,0.32,52.36,1.41,73.829,70.64,57.709,103.662,74.496,73.163,86.084,74.737,True
ML8,63,2025-07-05 08:00:00,2025-07-05 08:17:08,2025-07-05 08:29:03,2025-07-05 08:23:05.500,11.92,62.1,26.06,412.54,21.92,15.32,0.477,711.02,97.14,262.8,2.42,Esteso_Top_Diretto_Bottom,81.729,0.83,74.498,0.25,68.861,0.39,71.689,0.8,78.739,0.14,70.224,0.57,147.832,0.29,52.147,0.72,76.987,71.509,57.876,104.123,74.845,73.459,87.801,75.894,True
ML8,64,2025-07-05 09:00:00,2025-07-05 09:17:08,2025-07-05 09:29:08,2025-07-05 09:23:08.000,12.0,63.1,26.23,411.95,21.68,15.15,0.471,748.22,105.52,280.98,2.449,Esteso_Top_Diretto_Bottom,81.862,0.75,74.791,0.34,69.33,0.73,71.851,0.84,79.122,0.77,70.611,0.46,151.084,0.23,51.95,0.14,78.868,72.105,57.978,104.955,75.154,73.768,88.594,76.698,True
ML8,65,2025-07-05 10:00:00,2025-07-05 10:17:08,2025-07-05 10:29:08,2025-07-05 10:23:08.000,12.0,64.1,26.27,411.33,21.43,14.98,0.466,785.4,114.82,300.29,2.478,Esteso_Top_Diretto_Bottom,82.674,0.99,75.394,0.54,69.14,0.65,71.982,0.01,79.935,0.46,70.723,0.28,159.037,0.48,51.556,1.44,82.362,73.09,58.073,105.18,75.534,74.104,90.55,77.871,True
ML8,66,2025-07-05 11:00:00,2025-07-05 11:17:08,2025-07-05 11:29:08,2025-07-05 11:23:08.000,12.0,65.1,26.29,410.72,21.19,14.81,0.461,822.57,124.88,320.51,2.506,Esteso_Top_Diretto_Bottom,83.111,0.7,75.635,1.21,69.595,0.9,72.204,0.46,80.141,1.22,71.702,0.03,163.299,0.08,50.821,1.52,84.068,73.899,58.221,105.62,75.914,74.585,91.099,78.618,True
ML8,67,2025-07-05 12:00:00,2025-07-05 12:17:08,2025-07-05 12:29:13,2025-07-05 12:23:10.500,12.08,66.1,26.41,410.13,20.96,14.64,0.456,859.77,135.67,341.54,2.533,Esteso_Top_Diretto_Bottom,83.504,0.87,76.153,0.47,70.088,0.34,72.089,0.37,80.677,1.1,71.905,0.11,169.196,0.36,50.944,0.36,87.381,74.72,58.374,107.219,76.386,74.781,92.841,79.953,True
ML8,68,2025-07-05 13:00:00,2025-07-05 13:17:08,2025-07-05 13:29:17,2025-07-05 13:23:12.500,12.15,67.1,26.47,409.52,20.71,14.48,0.45,896.97,147.53,363.69,2.561,Oltre_Air_Entry_Top,84.179,1.32,76.38,0.48,70.462,1.39,72.39,0.31,80.985,1.07,72.467,0.35,166.218,0.39,50.712,0.54,89.909,75.672,58.501,109.135,76.803,75.175,91.811,81.183,True
ML8,69,2025-07-05 14:00:00,2025-07-05 14:17:08,2025-07-05 14:29:17,2025-07-05 14:23:12.500,12.15,68.1,26.51,408.96,20.49,14.32,0.445,934.15,160.47,385.95,2.587,Oltre_Air_Entry_Top,84.241,1.12,76.892,0.39,70.762,1.54,72.76,0.26,81.408,0.9,72.751,0.79,171.091,0.05,50.347,1.1,91.274,76.451,58.74,111.327,77.102,75.532,92.811,82.189,True
ML8,70,2025-07-05 15:00:00,2025-07-05 15:17:08,2025-07-05 15:29:18,2025-07-05 15:23:13.000,12.17,69.1,26.67,408.35,20.25,14.15,0.44,971.33,177.97,408.22,2.611,Oltre_Air_Entry_Top,84.867,0.96,77.112,0.32,71.079,1.22,72.332,0.15,81.319,1.24,73.403,0.01,174.467,0.75,49.612,2.22,94.944,77.56,59.093,112.927,77.482,75.581,93.036,83.726,True
ML8,71,2025-07-05 16:00:00,2025-07-05 16:17:08,2025-07-05 16:29:49,2025-07-05 16:23:28.500,12.68,70.11,26.65,407.82,20.03,14.0,0.435,1008.67,206.07,430.58,2.634,Oltre_Air_Entry_Top,86.334,2.66,79.595,1.64,71.313,0.53,76.146,0.21,83.063,0.39,73.703,0.6,178.702,0.93,49.57,0.26,96.722,78.446,59.343,114.621,78.84,77.538,94.118,84.758,True
ML8,72,2025-07-05 17:00:00,2025-07-05 17:17:10,2025-07-05 17:29:55,2025-07-05 17:23:32.500,12.75,71.11,26.65,407.25,19.81,13.84,0.431,1045.89,234.09,452.86,2.656,Oltre_Air_Entry_Top,87.397,2.77,80.6,3.53,71.996,0.32,76.336,1.11,83.796,0.53,74.014,0.7,188.606,0.98,49.159,2.33,101.764,79.528,59.445,113.977,79.747,77.939,96.29,86.052,True
ML8,73,2025-07-05 18:00:00,2025-07-05 18:17:08,2025-07-05 18:29:52,2025-07-05 18:23:30.000,12.73,72.11,26.72,406.73,19.6,13.69,0.426,1083.04,262.05,475.11,2.677,Oltre_Air_Entry_Top,87.771,3.3,80.894,3.37,72.394,1.08,77.221,0.28,84.164,0.07,74.314,0.93,194.296,1.09,49.281,0.84,103.445,80.355,59.768,116.377,80.104,78.459,97.852,87.2,True
ML8,74,2025-07-05 19:00:00,2025-07-05 19:17:08,2025-07-05 19:29:48,2025-07-05 19:23:28.000,12.67,73.11,26.73,406.22,19.39,13.55,0.422,1120.19,290.01,497.36,2.697,Oltre_Air_Entry_Top,88.526,3.5,81.623,4.48,72.672,0.47,77.401,1.25,85.104,0.33,74.651,1.18,203.275,0.74,49.357,0.35,108.32,81.002,60.04,117.044,80.677,78.93,100.165,88.613,True
ML8,75,2025-07-05 20:00:00,2025-07-05 20:17:08,2025-07-05 20:30:15,2025-07-05 20:23:41.500,13.12,74.11,26.74,405.73,19.2,13.41,0.417,1157.51,318.1,519.71,2.716,Oltre_Air_Entry_Top,89.135,3.45,82.167,3.84,72.87,0.9,78.246,0.97,85.369,0.01,75.331,1.14,213.45,0.12,49.02,2.41,112.821,81.686,60.424,118.289,81.114,79.539,102.29,90.089,True
ML8,76,2025-07-05 21:00:00,2025-07-05 21:17:08,2025-07-05 21:30:13,2025-07-05 21:23:40.500,13.08,75.11,26.71,405.26,19.01,13.28,0.413,1194.67,346.07,541.96,2.734,Oltre_Air_Entry_Top,89.661,3.66,82.304,4.34,73.567,0.25,78.76,0.53,85.698,0.02,75.744,1.03,212.948,0.03,49.002,2.48,115.852,82.861,60.802,119.666,81.577,79.96,102.151,91.419,True
ML8,77,2025-07-05 22:00:00,2025-07-05 22:17:08,2025-07-05 22:30:09,2025-07-05 22:23:38.500,13.02,76.11,26.65,404.82,18.83,13.16,0.409,1231.83,374.03,564.21,2.751,Oltre_Air_Entry_Top,90.2,3.34,83.251,5.31,73.842,0.83,79.14,0.06,86.042,0.09,76.135,1.49,216.085,0.01,49.07,1.25,118.862,83.898,61.197,126.521,82.155,80.334,102.972,93.739,True
ML8,78,2025-07-05 23:00:00,2025-07-05 23:17:10,2025-07-05 23:30:10,2025-07-05 23:23:40.000,13.0,77.11,26.56,404.42,18.67,13.05,0.406,1269.02,402.03,586.48,2.768,Oltre_Air_Entry_Top,90.458,3.22,84.057,7.22,74.27,0.53,79.039,0.07,86.259,0.16,76.645,1.46,220.601,0.79,48.722,2.1,132.873,84.931,61.615,127.349,82.657,80.546,103.673,97.005,True
ML8,79,2025-07-06 00:00:00,2025-07-06 00:17:08,2025-07-06 00:30:11,2025-07-06 00:23:39.500,13.05,78.11,26.48,404.02,18.51,12.94,0.402,1306.19,430.0,608.74,2.784,Oltre_Air_Entry_Top,91.009,3.42,85.452,9.28,74.651,0.26,79.784,0.04,86.439,0.17,77.045,1.35,225.863,0.26,49.23,0.48,136.948,86.304,62.013,127.81,83.422,80.995,105.448,98.38,True
ML8,80,2025-07-06 01:00:00,2025-07-06 01:17:08,2025-07-06 01:30:22,2025-07-06 01:23:45.000,13.23,79.11,26.43,403.65,18.36,12.83,0.399,1343.43,458.02,631.04,2.8,Oltre_Air_Entry_Top,91.431,4.07,85.859,9.8,75.055,0.52,80.355,0.02,87.117,0.4,77.269,1.32,233.576,0.06,49.104,1.38,139.829,87.237,62.346,129.045,83.834,81.478,107.096,99.532,True
ML8,81,2025-07-06 02:00:00,2025-07-06 02:17:08,2025-07-06 02:30:18,2025-07-06 02:23:43.000,13.17,80.11,26.41,403.26,18.21,12.72,0.396,1380.58,485.99,653.29,2.815,Oltre_Air_Entry_Top,92.03,3.83,87.11,10.79,75.401,0.57,80.535,0.4,87.211,0.12,77.689,1.53,238.35,0.61,48.831,1.72,146.031,88.626,62.817,129.583,84.552,81.716,107.884,101.311,True
ML8,82,2025-07-06 03:00:00,2025-07-06 03:17:08,2025-07-06 03:30:31,2025-07-06 03:23:49.500,13.38,81.11,26.38,402.91,18.07,12.63,0.393,1417.83,514.02,675.59,2.83,Oltre_Air_Entry_Top,92.358,3.61,88.412,9.75,75.555,0.39,81.105,0.21,87.426,0.08,78.208,1.36,243.346,0.41,49.158,2.81,149.041,89.502,63.232,131.881,85.13,82.157,109.373,102.699,True
ML8,83,2025-07-06 04:00:00,2025-07-06 04:17:08,2025-07-06 04:30:32,2025-07-06 04:23:50.000,13.4,82.11,26.34,402.56,17.93,12.53,0.39,1455.01,542.0,697.86,2.844,Oltre_Air_Entry_Top,93.077,3.88,88.242,11.25,75.998,0.32,81.674,0.26,87.622,0.26,78.529,1.63,245.517,0.42,49.582,0.56,152.805,90.596,63.74,132.88,85.462,82.523,110.332,104.059,True
ML8,84,2025-07-06 05:00:00,2025-07-06 05:17:08,2025-07-06 05:30:31,2025-07-06 05:23:49.500,13.38,83.11,26.3,402.23,17.8,12.44,0.387,1492.18,569.98,720.12,2.857,Oltre_Air_Entry_Top,93.451,3.67,89.506,12.46,76.224,0.01,82.367,0.79,87.197,0.51,78.876,1.53,247.418,0.9,49.856,1.44,157.658,91.772,64.339,134.243,86.068,82.743,111.064,105.73,True
ML8,85,2025-07-06 06:00:00,2025-07-06 06:17:08,2025-07-06 06:30:38,2025-07-06 06:23:53.000,13.5,84.11,26.28,401.91,17.67,12.35,0.384,1529.39,597.99,742.4,2.871,Oltre_Air_Entry_Top,94.266,4.28,91.366,11.24,76.471,0.47,82.481,0.25,87.214,0.37,79.296,1.65,255.05,0.46,50.289,1.22,162.33,92.569,64.885,135.203,87.005,82.934,113.253,107.152,True
ML8,86,2025-07-06 07:00:00,2025-07-06 07:17:08,2025-07-06 07:30:42,2025-07-06 07:23:55.000,13.57,85.11,26.3,401.58,17.54,12.25,0.381,1566.59,625.98,764.67,2.883,Oltre_Air_Entry_Top,94.538,3.82,91.493,10.68,76.539,0.46,83.215,0.46,87.371,0.3,79.561,1.84,254.699,0.02,50.636,0.44,165.625,93.495,65.061,134.933,87.155,83.321,113.565,107.979,True
ML8,87,2025-07-06 08:00:00,2025-07-06 08:17:08,2025-07-06 08:30:41,2025-07-06 08:23:54.500,13.55,86.11,27.06,401.18,17.37,12.14,0.378,1603.76,653.96,786.93,2.896,Oltre_Air_Entry_Top,94.198,3.05,92.203,12.13,76.42,0.71,83.138,0.46,87.052,0.36,79.749,1.64,262.666,0.46,50.459,1.01,172.424,94.537,65.531,137.942,87.23,83.26,115.125,110.176,True
ML8,88,2025-07-06 09:00:00,2025-07-06 09:17:08,2025-07-06 09:30:40,2025-07-06 09:23:54.000,13.53,87.11,27.51,400.74,17.2,12.02,0.374,1640.93,681.94,809.19,2.908,Oltre_Air_Entry_Top,94.92,3.52,97.896,18.07,76.701,0.91,83.757,1.15,87.522,1.33,80.125,1.56,264.768,0.02,50.366,2.07,178.285,96.363,66.106,138.504,89.325,83.747,115.479,111.991,True
ML8,89,2025-07-06 10:00:00,2025-07-06 10:17:08,2025-07-06 10:30:52,2025-07-06 10:24:00.000,13.73,88.12,28.17,400.31,17.03,11.9,0.37,1678.17,709.96,831.49,2.92,Oltre_Air_Entry_Top,95.435,3.09,98.414,15.01,76.233,0.17,84.649,0.26,87.521,1.32,80.829,1.94,268.844,0.98,50.327,2.95,179.831,97.898,66.671,142.595,89.461,84.288,116.319,113.742,True
ML8,90,2025-07-06 11:00:00,2025-07-06 11:17:08,2025-07-06 11:31:12,2025-07-06 11:24:10.000,14.07,89.12,29.03,399.82,16.83,11.76,0.366,1715.45,738.02,853.82,2.931,Oltre_Air_Entry_Top,96.264,3.42,99.216,15.6,76.313,0.01,85.481,0.88,87.176,0.36,81.72,0.9,259.303,0.4,50.862,0.69,180.009,100.254,67.582,146.672,89.994,84.761,114.842,115.649,True
ML8,91,2025-07-06 12:00:00,2025-07-06 12:17:08,2025-07-06 12:31:46,2025-07-06 12:24:27.000,14.63,90.12,28.31,399.51,16.71,11.68,0.363,1752.81,766.13,876.18,2.943,Oltre_Air_Entry_Top,97.663,3.76,101.049,17.3,76.732,0.4,87.65,0.27,88.907,0.8,82.934,1.07,267.493,3.57,50.986,2.72,184.127,102.279,68.453,148.162,91.148,86.458,116.784,117.56,True
ML8,92,2025-07-06 13:00:00,2025-07-06 13:17:08,2025-07-06 13:30:58,2025-07-06 13:24:03.000,13.83,91.12,27.92,399.15,16.56,11.58,0.36,1789.73,793.93,898.3,2.953,Oltre_Air_Entry_Top,98.494,3.34,105.548,23.72,75.649,0.83,88.182,0.9,90.307,1.5,83.505,1.48,284.401,0.75,51.75,1.97,196.051,103.02,69.203,149.432,92.304,87.285,121.317,120.217,True
ML8,93,2025-07-06 14:00:00,2025-07-06 14:17:08,2025-07-06 14:30:56,2025-07-06 14:24:02.000,13.8,92.12,27.71,398.78,16.42,11.47,0.357,1826.9,821.9,920.55,2.964,Oltre_Air_Entry_Top,100.16,4.5,110.07,27.54,75.039,1.09,89.939,0.23,90.799,0.59,84.479,1.29,291.617,0.54,51.62,2.9,203.374,104.703,69.826,148.553,93.875,88.361,122.692,121.91,True
ML8,94,2025-07-06 15:00:00,2025-07-06 15:17:08,2025-07-06 15:30:48,2025-07-06 15:23:58.000,13.67,93.11,27.53,398.45,16.29,11.38,0.354,1864.04,849.85,942.79,2.974,Oltre_Air_Entry_Top,101.329,4.89,112.249,26.38,74.362,2.87,90.781,0.89,91.929,1.05,85.45,1.76,299.513,1.11,52.629,2.78,218.293,106.243,70.771,151.285,94.571,89.341,125.551,125.53,False
ML8,95,2025-07-06 16:00:00,2025-07-06 16:17:08,2025-07-06 16:30:41,2025-07-06 16:23:54.500,13.55,94.11,27.4,398.12,16.15,11.29,0.351,1901.18,877.8,965.03,2.985,Oltre_Air_Entry_Top,102.133,5.07,114.361,30.47,71.829,4.0,92.115,1.12,92.464,0.73,85.916,1.8,306.501,1.36,52.789,3.97,217.882,107.853,71.291,146.729,94.315,90.114,127.2,125.213,False
ML8,96,2025-07-06 17:00:00,2025-07-06 17:17:08,2025-07-06 17:30:45,2025-07-06 17:23:56.500,13.62,95.11,27.42,397.81,16.03,11.2,0.348,1938.37,905.8,987.31,2.994,Oltre_Air_Entry_Top,102.932,4.24,118.938,30.97,70.486,6.21,94.14,0.22,93.339,0.97,87.014,1.6,306.84,1.89,52.694,3.83,224.187,109.576,72.025,152.204,95.205,91.441,127.156,128.103,False
ML8,97,2025-07-06 18:00:00,2025-07-06 18:17:08,2025-07-06 18:31:01,2025-07-06 18:24:04.500,13.88,96.12,27.28,397.46,15.89,11.1,0.345,1975.63,933.84,1009.62,3.004,Oltre_Air_Entry_Top,104.636,4.92,122.454,34.46,70.701,7.46,95.362,1.27,94.078,1.15,87.603,1.99,312.456,1.67,52.217,5.51,233.2,111.306,72.729,150.761,96.759,92.284,127.732,129.886,False
ML8,98,2025-07-06 19:00:00,2025-07-06 19:17:08,2025-07-06 19:30:49,2025-07-06 19:23:58.500,13.68,97.11,27.23,397.14,15.76,11.01,0.343,2012.75,961.77,1031.84,3.014,Oltre_Air_Entry_Top,105.832,4.34,127.273,35.33,70.972,10.25,98.215,0.85,94.59,0.63,88.466,2.41,315.21,1.54,51.179,4.99,244.061,112.873,73.344,151.579,98.51,93.67,127.012,132.289,False
ML8,99,2025-07-06 20:00:00,2025-07-06 20:17:08,2025-07-06 20:31:01,2025-07-06 20:24:04.500,13.88,98.12,27.14,396.86,15.65,10.94,0.34,2049.99,989.8,1054.14,3.023,Oltre_Air_Entry_Top,106.88,4.41,129.007,37.46,70.683,13.89,99.997,0.51,95.61,0.06,89.324,2.11,320.609,2.55,51.131,4.71,249.862,113.952,74.175,152.625,99.146,94.875,128.035,133.991,False
ML8,100,2025-07-06 21:00:00,2025-07-06 21:17:08,2025-07-06 21:30:55,2025-07-06 21:24:01.500,13.78,99.12,26.99,396.58,15.54,10.86,0.338,2087.13,1017.76,1076.38,3.032,Oltre_Air_Entry_Top,107.89,3.91,132.849,36.51,73.025,11.63,101.792,0.03,96.492,0.02,90.196,1.99,324.411,2.33,50.022,8.33,255.811,115.541,75.028,154.871,101.532,96.043,127.388,136.133,False
ML8,101,2025-07-06 22:00:00,2025-07-06 22:17:08,2025-07-06 22:30:57,2025-07-06 22:24:02.500,13.82,100.12,26.84,396.34,15.44,10.79,0.336,2124.32,1045.75,1098.65,3.041,Oltre_Air_Entry_Top,109.681,5.61,135.239,39.8,73.29,15.84,102.36,1.9,97.198,1.05,90.876,2.12,324.044,2.62,50.827,5.67,265.021,116.434,75.674,157.183,102.824,96.697,128.336,138.413,False
ML8,102,2025-07-06 23:00:00,2025-07-06 23:17:08,2025-07-06 23:31:00,2025-07-06 23:24:04.000,13.87,101.12,26.73,396.09,15.34,10.72,0.333,2161.51,1073.74,1120.92,3.05,Oltre_Air_Entry_Top,110.089,4.5,133.418,38.15,74.594,14.16,104.197,0.44,97.967,0.57,91.481,1.75,328.18,3.16,50.549,6.74,271.739,117.597,76.273,158.545,103.091,97.744,128.799,140.206,False
ML8,103,2025-07-07 00:00:00,2025-07-07 00:17:08,2025-07-07 00:30:57,2025-07-07 00:24:02.500,13.82,102.12,26.65,395.85,15.24,10.65,0.331,2198.67,1101.71,1143.18,3.058,Oltre_Air_Entry_Top,111.387,4.8,133.297,37.95,74.156,17.04,104.589,1.26,98.308,0.41,92.417,2.23,327.234,2.27,50.464,6.14,280.853,117.806,77.014,160.153,103.26,98.313,128.505,142.131,False
ML8,104,2025-07-07 01:00:00,2025-07-07 01:17:08,2025-07-07 01:31:02,2025-07-07 01:24:05.000,13.9,103.12,26.59,395.6,15.14,10.58,0.329,2235.87,1129.71,1165.46,3.066,Oltre_Air_Entry_Top,111.88,4.08,137.445,37.95,74.863,18.37,105.46,1.99,99.102,0.31,92.641,1.79,333.476,3.47,49.973,5.99,281.173,118.231,77.788,161.368,104.805,98.929,129.092,142.925,False
ML8,105,2025-07-07 02:00:00,2025-07-07 02:17:08,2025-07-07 02:30:58,2025-07-07 02:24:03.000,13.83,104.12,26.49,395.35,15.04,10.51,0.327,2273.03,1157.67,1187.7,3.075,Oltre_Air_Entry_Top,113.165,4.39,140.32,39.46,74.764,20.67,106.64,1.81,100.558,0.19,93.871,2.3,334.471,3.61,50.724,7.65,289.68,119.198,78.628,162.243,105.887,100.22,130.252,144.871,False
ML8,106,2025-07-07 03:00:00,2025-07-07 03:17:08,2025-07-07 03:30:56,2025-07-07 03:24:02.000,13.8,105.12,26.44,395.1,14.94,10.44,0.325,2310.2,1185.64,1209.96,3.083,Oltre_Air_Entry_Top,114.915,5.23,140.879,42.16,75.899,19.42,107.939,1.57,100.996,1.02,94.406,2.23,339.777,3.45,50.433,7.69,297.204,124.865,79.473,163.57,107.107,100.963,130.904,148.202,False
ML8,107,2025-07-07 04:00:00,2025-07-07 04:17:08,2025-07-07 04:30:58,2025-07-07 04:24:03.000,13.83,106.12,26.37,394.84,14.84,10.37,0.323,2347.38,1213.63,1232.23,3.091,Oltre_Air_Entry_Top,115.758,4.91,143.267,43.39,76.091,23.16,108.958,2.29,101.846,0.08,95.587,2.78,348.692,5.0,50.675,7.22,303.893,124.75,80.308,164.921,108.063,101.984,132.928,149.692,False
ML8,108,2025-07-07 05:00:00,2025-07-07 05:17:08,2025-07-07 05:30:50,2025-07-07 05:23:59.000,13.7,107.11,26.33,394.6,14.75,10.3,0.321,2384.52,1241.58,1254.47,3.098,Oltre_Air_Entry_Top,116.933,5.1,145.1,44.44,77.754,24.75,109.848,2.56,102.546,0.12,96.239,2.49,349.264,3.63,50.788,8.11,316.916,127.104,81.123,165.588,109.675,102.728,133.186,152.517,False
ML8,109,2025-07-07 06:00:00,2025-07-07 06:17:08,2025-07-07 06:30:52,2025-07-07 06:24:00.000,13.73,108.12,26.34,394.37,14.65,10.24,0.319,2421.71,1269.57,1276.73,3.106,Oltre_Air_Entry_Top,118.039,5.27,147.248,45.33,77.412,27.15,111.326,1.58,103.48,0.52,96.876,2.55,355.537,4.68,50.387,7.82,324.952,126.814,81.77,167.967,110.398,103.727,133.845,154.241,False
ML8,110,2025-07-07 07:00:00,2025-07-07 07:17:08,2025-07-07 07:30:43,2025-07-07 07:23:55.500,13.58,109.11,26.38,394.14,14.56,10.17,0.317,2458.84,1297.51,1298.97,3.114,Oltre_Air_Entry_Top,119.935,3.76,149.651,44.53,77.794,30.05,112.061,2.64,103.994,0.75,97.424,2.7,362.421,4.8,49.918,6.86,336.262,128.051,82.474,172.189,111.77,104.322,134.504,157.252,False
ML8,111,2025-07-07 08:00:00,2025-07-07 08:17:08,2025-07-07 08:30:52,2025-07-07 08:24:00.000,13.73,110.12,26.6,393.88,14.46,10.1,0.314,2496.06,1325.53,1321.26,3.121,Oltre_Air_Entry_Top,119.825,3.44,151.108,45.6,76.976,32.86,113.498,1.88,103.958,0.85,98.021,2.29,357.12,2.1,49.468,6.13,343.041,129.734,82.929,168.85,111.703,104.968,132.914,157.998,False
ML8,112,2025-07-07 09:00:00,2025-07-07 09:17:08,2025-07-07 09:30:40,2025-07-07 09:23:54.000,13.53,111.11,26.71,393.67,14.37,10.04,0.312,2533.17,1353.46,1343.48,3.128,Oltre_Air_Entry_Top,121.423,2.42,153.68,48.13,77.431,35.85,113.979,1.82,105.571,0.69,98.933,2.87,365.537,4.04,50.16,7.1,362.926,130.418,83.926,174.399,113.052,105.983,135.408,162.237,False
